Unnamed: 0,username,user id,access hash,name,group,group id
6086,gigabyte07,400355679,-7.638794218622162e+17,tochka,–ê—Ä–±–∏—Ç—Ä–∞–∂–Ω—ã–π —á–∞—Ç - DaddyAff,1385260727
6087,twobeerornottwobearu,1322340241,5.089608539857221e+18,Filipp,–ê—Ä–±–∏—Ç—Ä–∞–∂–Ω—ã–π —á–∞—Ç - DaddyAff,1385260727
6088,Leonid_Turlakov,1273065784,4.56943730394794e+18,–õ–µ–æ–Ω–∏–¥ –¢—É—Ä–ª–∞–∫–æ–≤,–ê—Ä–±–∏—Ç—Ä–∞–∂–Ω—ã–π —á–∞—Ç - DaddyAff,1385260727
6089,tatpash,188472750,-3.343177121344533e+18,Pasha,–ê—Ä–±–∏—Ç—Ä–∞–∂–Ω—ã–π —á–∞—Ç - DaddyAff,1385260727
6090,targetspoted,428856856,-2.8336965806071844e+18,3000,–ê—Ä–±–∏—Ç—Ä–∞–∂–Ω—ã–π —á–∞—Ç - DaddyAff,1385260727
6091,donotdisturbkenny,671784709,-4.326854964422836e+18,mode: penetration testing,–ê—Ä–±–∏—Ç—Ä–∞–∂–Ω—ã–π —á–∞—Ç - DaddyAff,1385260727
6092,thekiew,697861588,-4.0153285564002816e+18,Kiev,–ê—Ä–±–∏—Ç—Ä–∞–∂–Ω—ã–π —á–∞—Ç - DaddyAff,1385260727
6093,terr4peff,1817664295,9.162308938395556e+18,–¢–µ—Ä–∞–ø–µ–≤—Ç,–ê—Ä–±–∏—Ç—Ä–∞–∂–Ω—ã–π —á–∞—Ç - DaddyAff,1385260727
6094,Tatyana_650,1867884255,-8.894204114829514e+18,Tatyana,–ê—Ä–±–∏—Ç—Ä–∞–∂–Ω—ã–π —á–∞—Ç - DaddyAff,1385260727
6095,trippplesup,477316943,-7.899958053659338e+18,A More,–ê—Ä–±–∏—Ç—Ä–∞–∂–Ω—ã–π —á–∞—Ç - DaddyAff,1385260727
6096,Tech_Support_Trafagon,493374731,3.830417489313037e+18,TECH SUPPORT,–ê—Ä–±–∏—Ç—Ä–∞–∂–Ω—ã–π —á–∞—Ç - DaddyAff,1385260727
6098,Tonny_S0,2089849658,5.970810350895492e+18,Tonny Stark,–ê—Ä–±–∏—Ç—Ä–∞–∂–Ω—ã–π —á–∞—Ç - DaddyAff,1385260727
6099,tgpromorf,330451580,1.650086474767782e+18,Tg Admin,–ê—Ä–±–∏—Ç—Ä–∞–∂–Ω—ã–π —á–∞—Ç - DaddyAff,1385260727
6100,cbaixobqvxg,1583124723,8.278439491851068e+18,Trevor Scott,–ê—Ä–±–∏—Ç—Ä–∞–∂–Ω—ã–π —á–∞—Ç - DaddyAff,1385260727
6101,Bendertelega,2144575877,-9.769517848186232e+17,TRAF Bender,–ê—Ä–±–∏—Ç—Ä–∞–∂–Ω—ã–π —á–∞—Ç - DaddyAff,1385260727
6102,LilaOsam,780698500,3.120826854930321e+18,ùîÖùî©‚Ç≥ùî±·ñáùïñùî¶ùìù ‚õìüñ§,–ê—Ä–±–∏—Ç—Ä–∞–∂–Ω—ã–π —á–∞—Ç - DaddyAff,1385260727
6103,target_media_group,5303497292,-1.889472335485017e+18,Target Media Group,–ê—Ä–±–∏—Ç—Ä–∞–∂–Ω—ã–π —á–∞—Ç - DaddyAff,1385260727
6106,triptoamstr,128667066,6.467389403052588e+18,–ê–ø—Ä—É–≤ –ü—Ä–æ—Ñ–∏—Ç–æ–≤ ü§ôüèº,–ê—Ä–±–∏—Ç—Ä–∞–∂–Ω—ã–π —á–∞—Ç - DaddyAff,1385260727
6107,Tanya_Belayaa,691796036,6.027156159612391e+18,Tanya Belaya,–ê—Ä–±–∏—Ç—Ä–∞–∂–Ω—ã–π —á–∞—Ç - DaddyAff,1385260727
6110,the_luch,210803319,-1.0747916569270604e+18,M–∞–∫—Å–∏–º –°—ã–Ω –Æ—Ä–∏—è,–ê—Ä–±–∏—Ç—Ä–∞–∂–Ω—ã–π —á–∞—Ç - DaddyAff,1385260727
6111,pitul,213990567,1.0171497176432376e+17,Taras,–ê—Ä–±–∏—Ç—Ä–∞–∂–Ω—ã–π —á–∞—Ç - DaddyAff,1385260727
6112,Dastantdk,427529146,-8.066624672098982e+18,Dastan Turman,–ê—Ä–±–∏—Ç—Ä–∞–∂–Ω—ã–π —á–∞—Ç - DaddyAff,1385260727
6113,TarasovAD,428893227,-8.45649300278771e+18,–ê–ª–µ–∫—Å–µ–π –ê,–ê—Ä–±–∏—Ç—Ä–∞–∂–Ω—ã–π —á–∞—Ç - DaddyAff,1385260727
6114,TonyMantanaaa,536248608,-6.061314826296953e+18,Nikita,–ê—Ä–±–∏—Ç—Ä–∞–∂–Ω—ã–π —á–∞—Ç - DaddyAff,1385260727
6115,triteam,590811271,-3.0968739338995297e+18,Alex Trigadov,–ê—Ä–±–∏—Ç—Ä–∞–∂–Ω—ã–π —á–∞—Ç - DaddyAff,1385260727
6116,TheSabotage,742379484,4.433844170108864e+18,Mike Shinoda,–ê—Ä–±–∏—Ç—Ä–∞–∂–Ω—ã–π —á–∞—Ç - DaddyAff,1385260727
6117,maximkuznetsov_tg,786964036,6.482935222746962e+18,Maxim Kuznetsov,–ê—Ä–±–∏—Ç—Ä–∞–∂–Ω—ã–π —á–∞—Ç - DaddyAff,1385260727
6118,topcreative,853604737,5.419459997048514e+18,–¢–æ–ø –ö—Ä–µ–∞—Ç–∏–≤,–ê—Ä–±–∏—Ç—Ä–∞–∂–Ω—ã–π —á–∞—Ç - DaddyAff,1385260727
6119,t_sashenka,982235943,4.198274878123312e+18,–ê–ª–µ–∫—Å–∞–Ω–¥—Ä–∞,–ê—Ä–±–∏—Ç—Ä–∞–∂–Ω—ã–π —á–∞—Ç - DaddyAff,1385260727
6120,ahvahcah,1185222589,7.23043696974729e+18,Takahashi,–ê—Ä–±–∏—Ç—Ä–∞–∂–Ω—ã–π —á–∞—Ç - DaddyAff,1385260727
6121,ads_tsuker,624449218,5.440055329438082e+18,Ads Face,–ê—Ä–±–∏—Ç—Ä–∞–∂–Ω—ã–π —á–∞—Ç - DaddyAff,1385260727
6122,andrey_fb_target,733716183,-5.584569360060455e+18,ANDREY TARGET FB,–ê—Ä–±–∏—Ç—Ä–∞–∂–Ω—ã–π —á–∞—Ç - DaddyAff,1385260727
6123,targetsman,1032771184,-1.746211191214726e+18,–ù–∞—Å—Ç—Ä–æ–π–∫–∞ —Ä–µ–∫–ª–∞–º—ã –≤ FB,–ê—Ä–±–∏—Ç—Ä–∞–∂–Ω—ã–π —á–∞—Ç - DaddyAff,1385260727
6124,Kate_TWB,2123218374,2.4698265329432223e+18,Kate_TWB,–ê—Ä–±–∏—Ç—Ä–∞–∂–Ω—ã–π —á–∞—Ç - DaddyAff,1385260727
6125,Largo009,1201716138,-2.641550592448617e+18,Tom Kristensen,–ê—Ä–±–∏—Ç—Ä–∞–∂–Ω—ã–π —á–∞—Ç - DaddyAff,1385260727
6126,tetty_tetty,468227984,-5.910991352203892e+17,Tatiana R,–ê—Ä–±–∏—Ç—Ä–∞–∂–Ω—ã–π —á–∞—Ç - DaddyAff,1385260727
6127,Timyjin,279353225,6.148745906337967e+18,–¢—ë–º–∞,–ê—Ä–±–∏—Ç—Ä–∞–∂–Ω—ã–π —á–∞—Ç - DaddyAff,1385260727
6128,tamerlan187,296416810,-6.026703879704661e+18,Tamerlan Makhomedeyarov,–ê—Ä–±–∏—Ç—Ä–∞–∂–Ω—ã–π —á–∞—Ç - DaddyAff,1385260727
6129,tulur,328003912,-7.076504095643911e+18,–î,–ê—Ä–±–∏—Ç—Ä–∞–∂–Ω—ã–π —á–∞—Ç - DaddyAff,1385260727
6130,TttarbiDen,333862177,6.200758295285833e+18,Den,–ê—Ä–±–∏—Ç—Ä–∞–∂–Ω—ã–π —á–∞—Ç - DaddyAff,1385260727
6131,telega_man2,358573387,-1.47387872721613e+18,man A,–ê—Ä–±–∏—Ç—Ä–∞–∂–Ω—ã–π —á–∞—Ç - DaddyAff,1385260727
6132,trapfavi,451203216,-6.896179000935777e+18,.,–ê—Ä–±–∏—Ç—Ä–∞–∂–Ω—ã–π —á–∞—Ç - DaddyAff,1385260727
6133,moltbl,458875084,4.086598154372737e+18,Tol',–ê—Ä–±–∏—Ç—Ä–∞–∂–Ω—ã–π —á–∞—Ç - DaddyAff,1385260727
6134,traffikmaster,680400289,-2.0226349012260767e+18,–ê–ª–µ–∫—Å–∞–Ω–¥—Ä –ø–æ–∫–∞ –Ω–µ –∑–∞–∫—É–ø–∞—é,–ê—Ä–±–∏—Ç—Ä–∞–∂–Ω—ã–π —á–∞—Ç - DaddyAff,1385260727
6135,tolyanh,763826139,4.387145160637344e+18,Anatoliy,–ê—Ä–±–∏—Ç—Ä–∞–∂–Ω—ã–π —á–∞—Ç - DaddyAff,1385260727
6136,TeaTeaMan,897275292,-3.627705869896681e+18,TeaTeaMan | TEATEAGRAM.COM,–ê—Ä–±–∏—Ç—Ä–∞–∂–Ω—ã–π —á–∞—Ç - DaddyAff,1385260727
6137,tamarabada,1190896239,6.215191032501053e+17,Tamara Badashvili,–ê—Ä–±–∏—Ç—Ä–∞–∂–Ω—ã–π —á–∞—Ç - DaddyAff,1385260727
6138,top00026,1275981098,4.684439475977163e+18,Miska,–ê—Ä–±–∏—Ç—Ä–∞–∂–Ω—ã–π —á–∞—Ç - DaddyAff,1385260727
6139,king_sup,1307954544,4.2431059793732567e+18,Traffic King Support,–ê—Ä–±–∏—Ç—Ä–∞–∂–Ω—ã–π —á–∞—Ç - DaddyAff,1385260727
6140,TrripleeX,1347247571,-3.7226352159092e+18,Toto Riina,–ê—Ä–±–∏—Ç—Ä–∞–∂–Ω—ã–π —á–∞—Ç - DaddyAff,1385260727
6141,dimabull888,1551990371,8.940964893302044e+18,Bull Traf Dima,–ê—Ä–±–∏—Ç—Ä–∞–∂–Ω—ã–π —á–∞—Ç - DaddyAff,1385260727
6142,tomzaw,1743870073,6.793752868076069e+18,Tommie Angelo,–ê—Ä–±–∏—Ç—Ä–∞–∂–Ω—ã–π —á–∞—Ç - DaddyAff,1385260727
6143,trfeads,1899969258,-4.900479780810249e+18,TRF Ads,–ê—Ä–±–∏—Ç—Ä–∞–∂–Ω—ã–π —á–∞—Ç - DaddyAff,1385260727
6144,Buy_to_fuck,1147470152,-1.3538925403667077e+18,BTC_MENS,–ê—Ä–±–∏—Ç—Ä–∞–∂–Ω—ã–π —á–∞—Ç - DaddyAff,1385260727
6145,trafficforce_sup,1171747783,1.469196756322192e+18,Traffic Force,–ê—Ä–±–∏—Ç—Ä–∞–∂–Ω—ã–π —á–∞—Ç - DaddyAff,1385260727
6146,tochka050967,705935296,5.672544912785359e+18,.G,–ê—Ä–±–∏—Ç—Ä–∞–∂–Ω—ã–π —á–∞—Ç - DaddyAff,1385260727
6147,temporaryme,1580252979,7.466595803264677e+18,Ivan,–ê—Ä–±–∏—Ç—Ä–∞–∂–Ω—ã–π —á–∞—Ç - DaddyAff,1385260727
6148,niatonix,177148875,2.3821806132708183e+18,TRAVEL 24 PRO,–ê—Ä–±–∏—Ç—Ä–∞–∂–Ω—ã–π —á–∞—Ç - DaddyAff,1385260727
6149,troublesome96,102488879,-3.644834932098853e+18,D,–ê—Ä–±–∏—Ç—Ä–∞–∂–Ω—ã–π —á–∞—Ç - DaddyAff,1385260727
6150,Benefiktor,188331067,-3.872343130147667e+18,Benefik Tor,–ê—Ä–±–∏—Ç—Ä–∞–∂–Ω—ã–π —á–∞—Ç - DaddyAff,1385260727
6151,trosttalk,200230887,-1.2720164864312468e+18,–î–µ–Ω–∏—Å,–ê—Ä–±–∏—Ç—Ä–∞–∂–Ω—ã–π —á–∞—Ç - DaddyAff,1385260727
6152,t_tuman,484986262,3.710170326434927e+18,Arts,–ê—Ä–±–∏—Ç—Ä–∞–∂–Ω—ã–π —á–∞—Ç - DaddyAff,1385260727
6153,affs_tech,520737570,2.4593126251196585e+18,Affs Tech,–ê—Ä–±–∏—Ç—Ä–∞–∂–Ω—ã–π —á–∞—Ç - DaddyAff,1385260727
6154,TvsTv2020,525479507,2.510227622781982e+18,Procz Roland,–ê—Ä–±–∏—Ç—Ä–∞–∂–Ω—ã–π —á–∞—Ç - DaddyAff,1385260727
6155,Ten_Dollars,550147292,-1.9714395361129446e+17,–î –ê,–ê—Ä–±–∏—Ç—Ä–∞–∂–Ω—ã–π —á–∞—Ç - DaddyAff,1385260727
6156,tsvitch,568899851,-5.277055340924373e+18,–ê–ª–µ–∫—Å–µ–π,–ê—Ä–±–∏—Ç—Ä–∞–∂–Ω—ã–π —á–∞—Ç - DaddyAff,1385260727
6157,MTyan,676804522,4.947484373812266e+18,Marat Tyan,–ê—Ä–±–∏—Ç—Ä–∞–∂–Ω—ã–π —á–∞—Ç - DaddyAff,1385260727
6158,tunechi_news,685828582,7.801007541150657e+18,Tunechi News,–ê—Ä–±–∏—Ç—Ä–∞–∂–Ω—ã–π —á–∞—Ç - DaddyAff,1385260727
6159,saintropezzz,706478932,8.616650211342502e+18,Saint Tropezzz,–ê—Ä–±–∏—Ç—Ä–∞–∂–Ω—ã–π —á–∞—Ç - DaddyAff,1385260727
6160,Tatiana_1v,752406738,2.86357649232002e+18,Tatiana,–ê—Ä–±–∏—Ç—Ä–∞–∂–Ω—ã–π —á–∞—Ç - DaddyAff,1385260727
6161,tancedance,929341656,1.710773669210512e+18,Prosto Tramp,–ê—Ä–±–∏—Ç—Ä–∞–∂–Ω—ã–π —á–∞—Ç - DaddyAff,1385260727
6162,tovarograd,1046846412,-4.968656971952868e+18,Melifaro,–ê—Ä–±–∏—Ç—Ä–∞–∂–Ω—ã–π —á–∞—Ç - DaddyAff,1385260727
6163,Traviss_Scotttt,1074333856,1.758320362827249e+18,Travis Scott,–ê—Ä–±–∏—Ç—Ä–∞–∂–Ω—ã–π —á–∞—Ç - DaddyAff,1385260727
6164,kto_ia_takOy,1201057759,7.301369457543456e+18,–ú–∏—Å—Ç–µ—Ä –ò–Ω–∫–æ–≥–Ω–∏—Ç–æ,–ê—Ä–±–∏—Ç—Ä–∞–∂–Ω—ã–π —á–∞—Ç - DaddyAff,1385260727
6165,ShelfordTikTok,1989252634,-7.662671169756308e+18,Shelford Account TikTok,–ê—Ä–±–∏—Ç—Ä–∞–∂–Ω—ã–π —á–∞—Ç - DaddyAff,1385260727
6166,Tyul21,5267610135,-8.427100612382965e+18,Tuma Gl,–ê—Ä–±–∏—Ç—Ä–∞–∂–Ω—ã–π —á–∞—Ç - DaddyAff,1385260727
6167,let_play_the_games,800044168,8.794142877213366e+18,Let's play,–ê—Ä–±–∏—Ç—Ä–∞–∂–Ω—ã–π —á–∞—Ç - DaddyAff,1385260727
6168,tresqomos,1999728127,3.6386036326087726e+18,BadNight,–ê—Ä–±–∏—Ç—Ä–∞–∂–Ω—ã–π —á–∞—Ç - DaddyAff,1385260727
6169,TiM1OnE,151090368,-7.366818042752159e+18,TiM[1]OnE,–ê—Ä–±–∏—Ç—Ä–∞–∂–Ω—ã–π —á–∞—Ç - DaddyAff,1385260727
6170,K_OOO_T,352280771,-1.501122549543114e+18,K_OOO_Tüí≤,–ê—Ä–±–∏—Ç—Ä–∞–∂–Ω—ã–π —á–∞—Ç - DaddyAff,1385260727
6171,arizart,452694925,-7.860286829838956e+18,tony,–ê—Ä–±–∏—Ç—Ä–∞–∂–Ω—ã–π —á–∞—Ç - DaddyAff,1385260727
6172,alekseevich_tg,551354671,-3.242204331927218e+18,–ê–ª–µ–∫—Å–∞–Ω–¥—Ä,–ê—Ä–±–∏—Ç—Ä–∞–∂–Ω—ã–π —á–∞—Ç - DaddyAff,1385260727
6173,traffagent,2146099889,2.2922328666104128e+18,Â§ßÂ±±¬†ÂÄçÈÅî,–ê—Ä–±–∏—Ç—Ä–∞–∂–Ω—ã–π —á–∞—Ç - DaddyAff,1385260727
6174,affmidas_tamara,5027696424,-8.191089604625897e+18,TAMARA (support),–ê—Ä–±–∏—Ç—Ä–∞–∂–Ω—ã–π —á–∞—Ç - DaddyAff,1385260727
6175,cristaaall,1625105604,8.734988902722733e+18,Criss Tal,–ê—Ä–±–∏—Ç—Ä–∞–∂–Ω—ã–π —á–∞—Ç - DaddyAff,1385260727
6176,Thurnia2002,2033236809,-5.617393642500579e+18,–•–¥,–ê—Ä–±–∏—Ç—Ä–∞–∂–Ω—ã–π —á–∞—Ç - DaddyAff,1385260727
6177,on_tm,103850635,-6.461920377277121e+17,–ê–Ω–¥—Ä–µ–π,–ê—Ä–±–∏—Ç—Ä–∞–∂–Ω—ã–π —á–∞—Ç - DaddyAff,1385260727
6178,andrewtatarinov,311558980,-7.155152447372747e+18,Andrew Tatarinov,–ê—Ä–±–∏—Ç—Ä–∞–∂–Ω—ã–π —á–∞—Ç - DaddyAff,1385260727
6179,top2kot,391214540,-1.1476107167051663e+18,Andrew,–ê—Ä–±–∏—Ç—Ä–∞–∂–Ω—ã–π —á–∞—Ç - DaddyAff,1385260727
6180,TSavchenko7,549273564,1.521368628967884e+18,TSavchenko7,–ê—Ä–±–∏—Ç—Ä–∞–∂–Ω—ã–π —á–∞—Ç - DaddyAff,1385260727
6181,Tania_TraffCore,570197708,3.795374107175053e+18,Tania Fedyn,–ê—Ä–±–∏—Ç—Ä–∞–∂–Ω—ã–π —á–∞—Ç - DaddyAff,1385260727
6182,Taxri,784871481,5.400468427727715e+18,Catecoin Announcements,–ê—Ä–±–∏—Ç—Ä–∞–∂–Ω—ã–π —á–∞—Ç - DaddyAff,1385260727
6183,traffikfb,857208103,8.453629619843996e+17,–ê—Ä–µ–Ω–¥–∞ ( ILLYA ) –§–µ–π—Å–±—É–∫–æ–≤ üí∏,–ê—Ä–±–∏—Ç—Ä–∞–∂–Ω—ã–π —á–∞—Ç - DaddyAff,1385260727
6184,traffic_support,1000777542,1.6928192806965293e+17,Traffic Support,–ê—Ä–±–∏—Ç—Ä–∞–∂–Ω—ã–π —á–∞—Ç - DaddyAff,1385260727
6185,TaurusThe,1299768200,-3.179068141800768e+17,Aurus,–ê—Ä–±–∏—Ç—Ä–∞–∂–Ω—ã–π —á–∞—Ç - DaddyAff,1385260727
6186,farhad_top,5041150887,3.3188784978227205e+18,Farhad,–ê—Ä–±–∏—Ç—Ä–∞–∂–Ω—ã–π —á–∞—Ç - DaddyAff,1385260727
6187,tvoiacounts,5045251740,7.949261556325415e+18,Svetik,–ê—Ä–±–∏—Ç—Ä–∞–∂–Ω—ã–π —á–∞—Ç - DaddyAff,1385260727
6188,technoPain,1606295852,6.28232496725743e+18,Techno Pain,–ê—Ä–±–∏—Ç—Ä–∞–∂–Ω—ã–π —á–∞—Ç - DaddyAff,1385260727
6189,TheGodEmperor,152267462,-2.706508416064311e+18,The God,–ê—Ä–±–∏—Ç—Ä–∞–∂–Ω—ã–π —á–∞—Ç - DaddyAff,1385260727
6190,key_ti1,418622772,-3.3856127104216934e+18,Hlazkova Kateryna,–ê—Ä–±–∏—Ç—Ä–∞–∂–Ω—ã–π —á–∞—Ç - DaddyAff,1385260727
6191,thisworldissogood47,453009984,8.288503482308366e+18,–ò–≥–æ—Ä—å,–ê—Ä–±–∏—Ç—Ä–∞–∂–Ω—ã–π —á–∞—Ç - DaddyAff,1385260727
6192,bro_traffic,5174954320,-5.596032240820408e+18,Traffic Bro,–ê—Ä–±–∏—Ç—Ä–∞–∂–Ω—ã–π —á–∞—Ç - DaddyAff,1385260727
6193,thebestslot,1337110168,4.216504070422114e+18,Traffix,–ê—Ä–±–∏—Ç—Ä–∞–∂–Ω—ã–π —á–∞—Ç - DaddyAff,1385260727
6194,misterbrooks,156840575,1.884791621580904e+18,AT &T,–ê—Ä–±–∏—Ç—Ä–∞–∂–Ω—ã–π —á–∞—Ç - DaddyAff,1385260727
6195,mihileyqmgbf,922510116,3.6885830393907727e+18,Tempest Pursuit,–ê—Ä–±–∏—Ç—Ä–∞–∂–Ω—ã–π —á–∞—Ç - DaddyAff,1385260727
6196,scrtoff,715946074,-9.10250023927703e+17,scrtoff,–ê—Ä–±–∏—Ç—Ä–∞–∂–Ω—ã–π —á–∞—Ç - DaddyAff,1385260727
6197,sp1zheno,610378779,5.263557037926664e+18,üí∏üí∏üí∏,–ê—Ä–±–∏—Ç—Ä–∞–∂–Ω—ã–π —á–∞—Ç - DaddyAff,1385260727
6198,Akhil_32hAli,5759113281,5.292695974981923e+18,Akhil Sen,–ê—Ä–±–∏—Ç—Ä–∞–∂–Ω—ã–π —á–∞—Ç - DaddyAff,1385260727
6199,squad19833,1849041692,7.22750128452696e+18,Squad,–ê—Ä–±–∏—Ç—Ä–∞–∂–Ω—ã–π —á–∞—Ç - DaddyAff,1385260727
6201,secretlobby,5711820250,7.145496070224762e+17,—Ç–æ–ø —à–æ–ø,–ê—Ä–±–∏—Ç—Ä–∞–∂–Ω—ã–π —á–∞—Ç - DaddyAff,1385260727
6202,SaperNN,379062641,4.826444183859138e+18,SaperNN,–ê—Ä–±–∏—Ç—Ä–∞–∂–Ω—ã–π —á–∞—Ç - DaddyAff,1385260727
6203,slepchenk,955808396,-9.165891269710176e+18,Santo,–ê—Ä–±–∏—Ç—Ä–∞–∂–Ω—ã–π —á–∞—Ç - DaddyAff,1385260727
6204,aveo421,5723426542,-2.560534673935644e+18,Seriy421 aveo,–ê—Ä–±–∏—Ç—Ä–∞–∂–Ω—ã–π —á–∞—Ç - DaddyAff,1385260727
6205,Simkap2p,5606412488,-7.821799880063645e+18,–º–∞–∫—Å–∏–º–∫–∞,–ê—Ä–±–∏—Ç—Ä–∞–∂–Ω—ã–π —á–∞—Ç - DaddyAff,1385260727
6206,Serssuppport,1348091610,1.950339842462032e+17,–í–∏–∫—Ç–æ—Ä –î–∞—Ä–Ω–æ–≤,–ê—Ä–±–∏—Ç—Ä–∞–∂–Ω—ã–π —á–∞—Ç - DaddyAff,1385260727
6207,Scalptorium,1459521208,7.04838206866462e+18,Sculptor,–ê—Ä–±–∏—Ç—Ä–∞–∂–Ω—ã–π —á–∞—Ç - DaddyAff,1385260727
6208,smokybang,937160695,8.715609978130529e+18,–í–ª–∞–¥ –°–∞—Ö–Ω–æ,–ê—Ä–±–∏—Ç—Ä–∞–∂–Ω—ã–π —á–∞—Ç - DaddyAff,1385260727
6209,alex847756,2109999479,4.4033566324621967e+18,Sasha,–ê—Ä–±–∏—Ç—Ä–∞–∂–Ω—ã–π —á–∞—Ç - DaddyAff,1385260727
6210,selll223,5525374358,6.967648149677936e+18,–§–± –°–µ–ª–ª,–ê—Ä–±–∏—Ç—Ä–∞–∂–Ω—ã–π —á–∞—Ç - DaddyAff,1385260727
6211,Sahanksu,5743576231,7.067720955318076e+18,–°–∞—à–∞‚õ∑Ô∏è,–ê—Ä–±–∏—Ç—Ä–∞–∂–Ω—ã–π —á–∞—Ç - DaddyAff,1385260727
6212,sikorskiyM,5404744710,-6.082618752846232e+18,–°–∏–∫–æ—Ä—Å–∫–∏–π,–ê—Ä–±–∏—Ç—Ä–∞–∂–Ω—ã–π —á–∞—Ç - DaddyAff,1385260727
6214,swipeatticl,5798525363,2.464391319776844e+16,SLiik,–ê—Ä–±–∏—Ç—Ä–∞–∂–Ω—ã–π —á–∞—Ç - DaddyAff,1385260727
6215,St1ngeeer,5735337354,-1.3569149607865456e+17,Stinger,–ê—Ä–±–∏—Ç—Ä–∞–∂–Ω—ã–π —á–∞—Ç - DaddyAff,1385260727
6216,Svetlayatrade,5696512723,-3.3264485586403773e+18,–ï–≤–≥–µ–Ω–∏—è,–ê—Ä–±–∏—Ç—Ä–∞–∂–Ω—ã–π —á–∞—Ç - DaddyAff,1385260727
6217,mosquit_sup,1963488861,5.482557713117224e+18,ü¶ü ùó†ùóºùòÄùóæùòÇùó∂ùòÅ ùó¶ùòÇùóΩùóΩùóºùóøùòÅü¶ü,–ê—Ä–±–∏—Ç—Ä–∞–∂–Ω—ã–π —á–∞—Ç - DaddyAff,1385260727
6219,sm0ke_marlb0r0s,1329702623,6.658671827450861e+18,MARLBORO,–ê—Ä–±–∏—Ç—Ä–∞–∂–Ω—ã–π —á–∞—Ç - DaddyAff,1385260727
6220,svetlana_avramenko,891465990,-2.555369005190412e+18,–°–≤–µ—Ç–ª–∞–Ω–∞,–ê—Ä–±–∏—Ç—Ä–∞–∂–Ω—ã–π —á–∞—Ç - DaddyAff,1385260727
6221,sanyarestoratorr,1726734425,-7.281098406834842e+18,–°–∞–Ω—è –¢–∏–º–∞—Ä—Ü–µ–≤ –†–µ—Å—Ç–æ—Ä–∞—Ç–æ—Ä,–ê—Ä–±–∏—Ç—Ä–∞–∂–Ω—ã–π —á–∞—Ç - DaddyAff,1385260727
6222,Sod1nokibi,1492854023,-4.300390314927632e+18,Sodi,–ê—Ä–±–∏—Ç—Ä–∞–∂–Ω—ã–π —á–∞—Ç - DaddyAff,1385260727
6223,Santan56,5393813615,1.9352191527221008e+17,–ò–ª–æ–Ω –°–º–∞–∑–∫,–ê—Ä–±–∏—Ç—Ä–∞–∂–Ω—ã–π —á–∞—Ç - DaddyAff,1385260727
6224,shake975,600679925,2.2018644292889887e+18,1234,–ê—Ä–±–∏—Ç—Ä–∞–∂–Ω—ã–π —á–∞—Ç - DaddyAff,1385260727
6225,supArina,760234139,7.010690223190751e+18,–ê—Ä–∏–Ω–∞,–ê—Ä–±–∏—Ç—Ä–∞–∂–Ω—ã–π —á–∞—Ç - DaddyAff,1385260727
6226,SlavikFarmFB,5412204294,8.851150408940607e+18,–°–ª–∞–≤–∏–∫,–ê—Ä–±–∏—Ç—Ä–∞–∂–Ω—ã–π —á–∞—Ç - DaddyAff,1385260727
6227,anastasya_sergeevna94,5552246167,1.0950803397270568e+18,–ê–Ω–∞—Å—Ç–∞—Å–∏—è,–ê—Ä–±–∏—Ç—Ä–∞–∂–Ω—ã–π —á–∞—Ç - DaddyAff,1385260727
6228,SenJoLog,5725803109,6.25790579800429e+18,SenJo,–ê—Ä–±–∏—Ç—Ä–∞–∂–Ω—ã–π —á–∞—Ç - DaddyAff,1385260727
6229,Situationpizdec,5152168979,3.6871916557617055e+18,Situation,–ê—Ä–±–∏—Ç—Ä–∞–∂–Ω—ã–π —á–∞—Ç - DaddyAff,1385260727
6230,shykagit6,5524712386,6.53185190965126e+18,Sung,–ê—Ä–±–∏—Ç—Ä–∞–∂–Ω—ã–π —á–∞—Ç - DaddyAff,1385260727
6231,scottJulie,5610453046,-5.925084717956895e+18,Scott,–ê—Ä–±–∏—Ç—Ä–∞–∂–Ω—ã–π —á–∞—Ç - DaddyAff,1385260727
6232,sergzubarev97,5590086333,-3.626666978462713e+18,–°–µ—Ä–≥–µ–π,–ê—Ä–±–∏—Ç—Ä–∞–∂–Ω—ã–π —á–∞—Ç - DaddyAff,1385260727
6233,sane4i28,5786460368,-4.398674122868988e+18,–°–∞—à–∞ –ß–∏—Ä–æ–Ω–æ–≤,–ê—Ä–±–∏—Ç—Ä–∞–∂–Ω—ã–π —á–∞—Ç - DaddyAff,1385260727
6234,smith8181,5159269925,-6.595165752589621e+18,Sergei,–ê—Ä–±–∏—Ç—Ä–∞–∂–Ω—ã–π —á–∞—Ç - DaddyAff,1385260727
6235,Staffiko,5757894689,-6.4934032037098e+18,–†–∏—Ö–∞—Ä–¥,–ê—Ä–±–∏—Ç—Ä–∞–∂–Ω—ã–π —á–∞—Ç - DaddyAff,1385260727
6236,Shpion_001,1629443790,-3.7793599850841446e+17,–ï–ª–µ–Ω–∞,–ê—Ä–±–∏—Ç—Ä–∞–∂–Ω—ã–π —á–∞—Ç - DaddyAff,1385260727
6237,skamobouka,5427301877,-8.116012606254776e+18,‚úûÔ∏é–°“â–∫“â–∞“â–º“â–æ“â–±“â–æ“â–π“â–∫“â–∞“â‚úûÔ∏é,–ê—Ä–±–∏—Ç—Ä–∞–∂–Ω—ã–π —á–∞—Ç - DaddyAff,1385260727
6238,sennheiser2,1314264743,8.321800562270064e+18,–ë–∏—Ç–æ—á–µ–∫,–ê—Ä–±–∏—Ç—Ä–∞–∂–Ω—ã–π —á–∞—Ç - DaddyAff,1385260727
6239,Saymygng,862922994,-1.499861665298289e+18,Say My,–ê—Ä–±–∏—Ç—Ä–∞–∂–Ω—ã–π —á–∞—Ç - DaddyAff,1385260727
6240,sm1sfera,5628568395,4.629940241622439e+18,Serhii Mysko,–ê—Ä–±–∏—Ç—Ä–∞–∂–Ω—ã–π —á–∞—Ç - DaddyAff,1385260727
6241,aleksandra_sokolovau,611906631,-5.288146879973633e+18,–ê–ª–µ–∫—Å–∞–Ω–¥—Ä–∞,–ê—Ä–±–∏—Ç—Ä–∞–∂–Ω—ã–π —á–∞—Ç - DaddyAff,1385260727
6242,spice0018,5402639549,-7.033907848563344e+18,Mr.spice,–ê—Ä–±–∏—Ç—Ä–∞–∂–Ω—ã–π —á–∞—Ç - DaddyAff,1385260727
6243,mentalsami,141554423,-6.685001644504572e+18,SAMURAI,–ê—Ä–±–∏—Ç—Ä–∞–∂–Ω—ã–π —á–∞—Ç - DaddyAff,1385260727
6244,Sancho707p,5413304668,-3.2249268585686006e+18,Sancho707 Beluy,–ê—Ä–±–∏—Ç—Ä–∞–∂–Ω—ã–π —á–∞—Ç - DaddyAff,1385260727
6246,Sabina_51ina,5451018113,1.5391016061996508e+18,–°–∞–±–∏–Ω–∞ –¢–∞–±–µ—Ä–Ω–∞–∫—É–ª–æ–≤–∞,–ê—Ä–±–∏—Ç—Ä–∞–∂–Ω—ã–π —á–∞—Ç - DaddyAff,1385260727
6247,Mutantshopfb,5786929280,-7.778735862215834e+18,Mutant Shop,–ê—Ä–±–∏—Ç—Ä–∞–∂–Ω—ã–π —á–∞—Ç - DaddyAff,1385260727
6248,BUYALLFB,5409430100,9.175454526013838e+18,SKUPFB,–ê—Ä–±–∏—Ç—Ä–∞–∂–Ω—ã–π —á–∞—Ç - DaddyAff,1385260727
6249,Seregamet77,5759607687,-5.311695739379875e+18,–õ–∏–∑–∞ –ë—É—Ä–æ–≤–ê,–ê—Ä–±–∏—Ç—Ä–∞–∂–Ω—ã–π —á–∞—Ç - DaddyAff,1385260727
6250,Sona_46Sao,5516138483,1.5487665873147046e+17,–°–æ–Ω—è –°–µ–≤–∞—Å—Ç—å—è–Ω–æ–≤–∞,–ê—Ä–±–∏—Ç—Ä–∞–∂–Ω—ã–π —á–∞—Ç - DaddyAff,1385260727
6251,serjio7777111,5321577907,8.96043463125748e+18,–°–µ—Ä–≥–µ–π –ë–æ–Ω—É—Å—Ö–∞–Ω—Ç–∏–Ω–≥,–ê—Ä–±–∏—Ç—Ä–∞–∂–Ω—ã–π —á–∞—Ç - DaddyAff,1385260727
6252,Simona1005,779409881,1.617317214627008e+18,–°,–ê—Ä–±–∏—Ç—Ä–∞–∂–Ω—ã–π —á–∞—Ç - DaddyAff,1385260727
6253,samstreett,5022733144,6.419153788884028e+18,Sam Street,–ê—Ä–±–∏—Ç—Ä–∞–∂–Ω—ã–π —á–∞—Ç - DaddyAff,1385260727
6254,sveto4im,5513345202,7.814986859057109e+18,sveto4im,–ê—Ä–±–∏—Ç—Ä–∞–∂–Ω—ã–π —á–∞—Ç - DaddyAff,1385260727
6255,Stark_Shop_1,5379753718,7.157121122201064e+18,‚úßÔº≥Ôº¥Ôº°Ôº≤Ôº´_Ôº≥Ôº®ÔºØÔº∞‚úß,–ê—Ä–±–∏—Ç—Ä–∞–∂–Ω—ã–π —á–∞—Ç - DaddyAff,1385260727
6256,sveto4ko,5597734309,-4.899502473887333e+18,sveto4im,–ê—Ä–±–∏—Ç—Ä–∞–∂–Ω—ã–π —á–∞—Ç - DaddyAff,1385260727
6257,sonechakw,5420304852,5.697107107435662e+18,–°–æ–Ω—èüí∂,–ê—Ä–±–∏—Ç—Ä–∞–∂–Ω—ã–π —á–∞—Ç - DaddyAff,1385260727
6258,Susosisol,5194454927,6.791838042908311e+18,ÔΩìÔΩèÔΩìÔΩôÔΩå·èìÔΩãÔΩÅ,–ê—Ä–±–∏—Ç—Ä–∞–∂–Ω—ã–π —á–∞—Ç - DaddyAff,1385260727
6259,CAKEsupport,839408774,-8.680247633351794e+18,CAKE support,–ê—Ä–±–∏—Ç—Ä–∞–∂–Ω—ã–π —á–∞—Ç - DaddyAff,1385260727
6260,shurochkon,420472750,-2.914167772171821e+18,–ê–ª–µ–∫—Å–∞–Ω–¥—Ä,–ê—Ä–±–∏—Ç—Ä–∞–∂–Ω—ã–π —á–∞—Ç - DaddyAff,1385260727
6261,syberianvalhalla,5417011522,-7.132616258644822e+18,–ö–∏—Ä–∏–ª–ª –ù–µ—á–∞–µ–≤,–ê—Ä–±–∏—Ç—Ä–∞–∂–Ω—ã–π —á–∞—Ç - DaddyAff,1385260727
6262,sheremet,5398242254,6.956054335187413e+18,–ù–∏–∫–∏—Ç–∞ –®–µ—Ä–µ–º–µ—Ç—å–µ–≤,–ê—Ä–±–∏—Ç—Ä–∞–∂–Ω—ã–π —á–∞—Ç - DaddyAff,1385260727
6263,sellerarendagg,5207722127,6.128681067570423e+18,Seller Google,–ê—Ä–±–∏—Ç—Ä–∞–∂–Ω—ã–π —á–∞—Ç - DaddyAff,1385260727
6265,Anonimeus,2110797153,-8.275521917756473e+18,sellers,–ê—Ä–±–∏—Ç—Ä–∞–∂–Ω—ã–π —á–∞—Ç - DaddyAff,1385260727
6266,serious_arbitraz,5044169133,-9.065519417036572e+18,–°–µ—Ä—å—ë–∑–Ω—ã–π üòé,–ê—Ä–±–∏—Ç—Ä–∞–∂–Ω—ã–π —á–∞—Ç - DaddyAff,1385260727
6268,senyare,5586914322,3.8747073501631846e+18,Senyare,–ê—Ä–±–∏—Ç—Ä–∞–∂–Ω—ã–π —á–∞—Ç - DaddyAff,1385260727
6269,Semen1yk_2,1428430381,-2.283854605355454e+18,–ë–æ–≥–¥–∞–Ω | –î–∏–∑–∞–π–Ω–µ—Ä,–ê—Ä–±–∏—Ç—Ä–∞–∂–Ω—ã–π —á–∞—Ç - DaddyAff,1385260727
6270,sergiyjsavchuk,352118313,-3.079879741882541e+18,Sergiy,–ê—Ä–±–∏—Ç—Ä–∞–∂–Ω—ã–π —á–∞—Ç - DaddyAff,1385260727
6271,surgayo,490131086,4.345823372493853e+17,Frodor Baggins,–ê—Ä–±–∏—Ç—Ä–∞–∂–Ω—ã–π —á–∞—Ç - DaddyAff,1385260727
6272,sergeyway,203339836,-7.012762356413968e+16,Serj,–ê—Ä–±–∏—Ç—Ä–∞–∂–Ω—ã–π —á–∞—Ç - DaddyAff,1385260727
6273,sergio9990,5425101535,7.838332734622877e+18,Sergio,–ê—Ä–±–∏—Ç—Ä–∞–∂–Ω—ã–π —á–∞—Ç - DaddyAff,1385260727
6275,fuckbook_store,1794879407,-2.179549372285669e+18,Fuckbook,–ê—Ä–±–∏—Ç—Ä–∞–∂–Ω—ã–π —á–∞—Ç - DaddyAff,1385260727
6276,st_Max_s,243896963,-4.617115368462557e+18,–ú–∞–∫—Å,–ê—Ä–±–∏—Ç—Ä–∞–∂–Ω—ã–π —á–∞—Ç - DaddyAff,1385260727
6277,ssoberr,304633312,7.145962718715566e+18,Sober,–ê—Ä–±–∏—Ç—Ä–∞–∂–Ω—ã–π —á–∞—Ç - DaddyAff,1385260727
6278,solarsmash,1942733838,-6.088534065018229e+18,Solar Smash,–ê—Ä–±–∏—Ç—Ä–∞–∂–Ω—ã–π —á–∞—Ç - DaddyAff,1385260727
6279,sashajsy,239206023,-5.511759044625306e+18,Sasha üßë‚Äçüíª,–ê—Ä–±–∏—Ç—Ä–∞–∂–Ω—ã–π —á–∞—Ç - DaddyAff,1385260727
6280,mamantonl,1022731214,-6.014834871071475e+18,simeN,–ê—Ä–±–∏—Ç—Ä–∞–∂–Ω—ã–π —á–∞—Ç - DaddyAff,1385260727
6282,rusgenya,355412727,6.953543706488457e+18,rusgenya,–ê—Ä–±–∏—Ç—Ä–∞–∂–Ω—ã–π —á–∞—Ç - DaddyAff,1385260727
6283,google_rent1,1781832783,-2.8663585754971013e+18,google_rent,–ê—Ä–±–∏—Ç—Ä–∞–∂–Ω—ã–π —á–∞—Ç - DaddyAff,1385260727
6284,adm1n_ru,464519880,7.844276053025766e+18,Admin,–ê—Ä–±–∏—Ç—Ä–∞–∂–Ω—ã–π —á–∞—Ç - DaddyAff,1385260727
6285,RosaleeSullivanu,493314391,-2.6397234140374778e+17,·å†·ãê·ãò,–ê—Ä–±–∏—Ç—Ä–∞–∂–Ω—ã–π —á–∞—Ç - DaddyAff,1385260727
6286,demidovandreyt,572591816,-2.5729275177964785e+18,Karina Raduga,–ê—Ä–±–∏—Ç—Ä–∞–∂–Ω—ã–π —á–∞—Ç - DaddyAff,1385260727
6287,romtamanskiy,607476568,-3.285640774038576e+18,–≠–¥—É–∞—Ä–¥ –õ—É–∫—É—Ç–∏–Ω,–ê—Ä–±–∏—Ç—Ä–∞–∂–Ω—ã–π —á–∞—Ç - DaddyAff,1385260727
6288,feld_rides,1074080309,4.532864437635817e+18,Andrey Feldsherov,–ê—Ä–±–∏—Ç—Ä–∞–∂–Ω—ã–π —á–∞—Ç - DaddyAff,1385260727
6289,Rembot90,1171702666,7.677373635649738e+18,–ú–∏—à–∞ –ë–∞—è–Ω,–ê—Ä–±–∏—Ç—Ä–∞–∂–Ω—ã–π —á–∞—Ç - DaddyAff,1385260727
6290,Patoprooonsfgx5,1790183557,1.7066677283730944e+18,–ê–ª–µ–∫—Å–∞–Ω–¥—Ä–∞ Rebel,–ê—Ä–±–∏—Ç—Ä–∞–∂–Ω—ã–π —á–∞—Ç - DaddyAff,1385260727
6292,rusikovich_drop,375637841,6.767862901908951e+18,–î—Ä–æ–ø—à–∏–ø–ø–∏–Ω–≥ –†—é–∫–∑–∞–∫–∏ –û–¥–µ–∂–¥–∞,–ê—Ä–±–∏—Ç—Ä–∞–∂–Ω—ã–π —á–∞—Ç - DaddyAff,1385260727
6293,rt123654,1176367354,2.1189080988646528e+18,üÜá üÜÅ,–ê—Ä–±–∏—Ç—Ä–∞–∂–Ω—ã–π —á–∞—Ç - DaddyAff,1385260727
6294,RusanovapElizaveta,1275844265,-3.8568246938972575e+18,–ï–ª–∏–∑–∞–≤–µ—Ç–∞ –†—É—Å–∞–Ω–æ–≤–∞,–ê—Ä–±–∏—Ç—Ä–∞–∂–Ω—ã–π —á–∞—Ç - DaddyAff,1385260727
6295,Rezo797n,1804080240,5.011698237604213e+18,–õ–µ–æ–Ω–∏–¥ –í–∏–Ω–æ–≥—Ä–∞–¥–æ–≤,–ê—Ä–±–∏—Ç—Ä–∞–∂–Ω—ã–π —á–∞—Ç - DaddyAff,1385260727
6296,rukovoditeli1,1806093031,3.0440205132530744e+18,–†—É–∫–æ–≤–æ–¥–∏—Ç–µ–ª—å,–ê—Ä–±–∏—Ç—Ä–∞–∂–Ω—ã–π —á–∞—Ç - DaddyAff,1385260727
6297,roslav1tsckyi,378439415,2.7993694337873267e+17,roslav1tsckyi,–ê—Ä–±–∏—Ç—Ä–∞–∂–Ω—ã–π —á–∞—Ç - DaddyAff,1385260727
6298,ruot37,5129760486,1.8969023927327345e+18,Mneredre,–ê—Ä–±–∏—Ç—Ä–∞–∂–Ω—ã–π —á–∞—Ç - DaddyAff,1385260727
6299,adver_roma,5207060876,6.133017134868496e+18,Roman | Adv Manager,–ê—Ä–±–∏—Ç—Ä–∞–∂–Ω—ã–π —á–∞—Ç - DaddyAff,1385260727
6300,Ruslan_res,504963337,-2.816339528673886e+18,–°–µ—Ä–≥–µÃÅ–π,–ê—Ä–±–∏—Ç—Ä–∞–∂–Ω—ã–π —á–∞—Ç - DaddyAff,1385260727
6301,RiCheryl,506776316,4.1813387340550656e+18,Linh,–ê—Ä–±–∏—Ç—Ä–∞–∂–Ω—ã–π —á–∞—Ç - DaddyAff,1385260727
6302,ruslan_karaev,1057918933,3.349339971043678e+18,–†—É—Å–ª–∞–Ω,–ê—Ä–±–∏—Ç—Ä–∞–∂–Ω—ã–π —á–∞—Ç - DaddyAff,1385260727
6303,rolletq,1691971220,4.779757062311126e+18,Rolet,–ê—Ä–±–∏—Ç—Ä–∞–∂–Ω—ã–π —á–∞—Ç - DaddyAff,1385260727
6304,gesha_rilo,1846634175,6.926260205921822e+18,–ì–µ–æ—Ä–≥ –†—ã–ª—å—Å–∫–∏–π,–ê—Ä–±–∏—Ç—Ä–∞–∂–Ω—ã–π —á–∞—Ç - DaddyAff,1385260727
6305,Furstinall,5040480300,-6.677264126166e+18,Richie Furst,–ê—Ä–±–∏—Ç—Ä–∞–∂–Ω—ã–π —á–∞—Ç - DaddyAff,1385260727
6306,Davison_Rockefelller,5287816505,-2.202317134839828e+18,Davison Rockefeller,–ê—Ä–±–∏—Ç—Ä–∞–∂–Ω—ã–π —á–∞—Ç - DaddyAff,1385260727
6307,RinkuNagar,771889799,-7.104463418149621e+18,Rinku Nagar,–ê—Ä–±–∏—Ç—Ä–∞–∂–Ω—ã–π —á–∞—Ç - DaddyAff,1385260727
6308,bootko,128862345,-2.1449545960072968e+18,Romanise,–ê—Ä–±–∏—Ç—Ä–∞–∂–Ω—ã–π —á–∞—Ç - DaddyAff,1385260727
6309,rommex25,321208844,8.922816891615793e+18,–†–æ—Å—Ç–∏—Å–ª–∞–≤,–ê—Ä–±–∏—Ç—Ä–∞–∂–Ω—ã–π —á–∞—Ç - DaddyAff,1385260727
6310,Reydan1,464061817,7.203942027930106e+18,üí¢–ê–Ω–¥—Ä–µ–π –í–∏–∫—Ç–æ—Ä–æ–≤–∏—á Reydan,–ê—Ä–±–∏—Ç—Ä–∞–∂–Ω—ã–π —á–∞—Ç - DaddyAff,1385260727
6311,rpanas,487548375,-2.386030627989656e+18,Roman Panas,–ê—Ä–±–∏—Ç—Ä–∞–∂–Ω—ã–π —á–∞—Ç - DaddyAff,1385260727
6312,Rusalgul,498336180,-8.268501757902184e+18,–°–µ—Ä–≥–µ–π,–ê—Ä–±–∏—Ç—Ä–∞–∂–Ω—ã–π —á–∞—Ç - DaddyAff,1385260727
6313,CherryRich,531867942,-5.453005984390021e+18,Cherryüçí Rich,–ê—Ä–±–∏—Ç—Ä–∞–∂–Ω—ã–π —á–∞—Ç - DaddyAff,1385260727
6314,romkoll,37294840,3.2387084826553856e+17,romkoll,–ê—Ä–±–∏—Ç—Ä–∞–∂–Ω—ã–π —á–∞—Ç - DaddyAff,1385260727
6315,Rasfer,414718594,-1.1286804522676445e+17,üî´Rasfer,–ê—Ä–±–∏—Ç—Ä–∞–∂–Ω—ã–π —á–∞—Ç - DaddyAff,1385260727
6316,Romashnik,5001413489,7.023415013812108e+18,–†–æ–º–∞—Ä–∏–æ | üîîÔ∏è,–ê—Ä–±–∏—Ç—Ä–∞–∂–Ω—ã–π —á–∞—Ç - DaddyAff,1385260727
6317,citizenromka1,397898385,7.389585544210682e+18,Roma,–ê—Ä–±–∏—Ç—Ä–∞–∂–Ω—ã–π —á–∞—Ç - DaddyAff,1385260727
6318,RiterCh,714597916,-6.843522409858068e+18,Riter Chen,–ê—Ä–±–∏—Ç—Ä–∞–∂–Ω—ã–π —á–∞—Ç - DaddyAff,1385260727
6319,ReuRJv,5099464397,-3.043435219649153e+18,–í–∞—Å–∏–ª–∏—Å–∞ –Ø–≥–Ω–µ–Ω–∫–æ–≤–∞,–ê—Ä–±–∏—Ç—Ä–∞–∂–Ω—ã–π —á–∞—Ç - DaddyAff,1385260727
6321,redjesimple,375156766,6.09740987205231e+18,Nick Ô£ø,–ê—Ä–±–∏—Ç—Ä–∞–∂–Ω—ã–π —á–∞—Ç - DaddyAff,1385260727
6322,RomanChaikovskyi,551776671,8.476802568086904e+18,–†–æ–º–∞–Ω –ß–∞–π–∫–æ–≤—Å—å–∫–∏–π,–ê—Ä–±–∏—Ç—Ä–∞–∂–Ω—ã–π —á–∞—Ç - DaddyAff,1385260727
6323,cashmagneto,602604682,-4.2802513072996383e+18,rxlll,–ê—Ä–±–∏—Ç—Ä–∞–∂–Ω—ã–π —á–∞—Ç - DaddyAff,1385260727
6324,RAZBOY771,295243029,1.5553603713921254e+18,RazboY,–ê—Ä–±–∏—Ç—Ä–∞–∂–Ω—ã–π —á–∞—Ç - DaddyAff,1385260727
6325,Kaderkaev,359448939,-5.3360528896789184e+17,Ruslan Kaderkaev,–ê—Ä–±–∏—Ç—Ä–∞–∂–Ω—ã–π —á–∞—Ç - DaddyAff,1385260727
6326,Remiksing,411765063,-5.538706524035537e+18,Remiksing,–ê—Ä–±–∏—Ç—Ä–∞–∂–Ω—ã–π —á–∞—Ç - DaddyAff,1385260727
6327,Rix7722,495590584,3.532654494291208e+18,Rix,–ê—Ä–±–∏—Ç—Ä–∞–∂–Ω—ã–π —á–∞—Ç - DaddyAff,1385260727
6328,rdnaxelA,949788265,-6.780525995485144e+17,–ê–ª–µ–∫—Å–∞–Ω–¥—Ä –ê–ª–µ–∫—Å–∞–Ω–¥—Ä,–ê—Ä–±–∏—Ç—Ä–∞–∂–Ω—ã–π —á–∞—Ç - DaddyAff,1385260727
6329,RS2_c,1040525157,-5.602199484987329e+18,RS2,–ê—Ä–±–∏—Ç—Ä–∞–∂–Ω—ã–π —á–∞—Ç - DaddyAff,1385260727
6330,nastia_reflexaffiliates,1874313355,-1.1827235887323272e+17,Nastia Reflex Affiliates,–ê—Ä–±–∏—Ç—Ä–∞–∂–Ω—ã–π —á–∞—Ç - DaddyAff,1385260727
6331,artemredman,198307782,-2.576895235376039e+18,Artem Redman,–ê—Ä–±–∏—Ç—Ä–∞–∂–Ω—ã–π —á–∞—Ç - DaddyAff,1385260727
6332,resultsales,775016295,-1.0713638584694168e+18,ResultSales,–ê—Ä–±–∏—Ç—Ä–∞–∂–Ω—ã–π —á–∞—Ç - DaddyAff,1385260727
6333,RogerX1,889139639,-5.866920697544157e+18,Roger 1,–ê—Ä–±–∏—Ç—Ä–∞–∂–Ω—ã–π —á–∞—Ç - DaddyAff,1385260727
6334,riskitall4dachedda,1061386006,-5.821534741141072e+18,Riskitall4dachedda,–ê—Ä–±–∏—Ç—Ä–∞–∂–Ω—ã–π —á–∞—Ç - DaddyAff,1385260727
6335,riconfl8,1226986045,-8.111372908051984e+18,Rico,–ê—Ä–±–∏—Ç—Ä–∞–∂–Ω—ã–π —á–∞—Ç - DaddyAff,1385260727
6336,Rosenrot_sup,1266254857,-2.4518640375292754e+18,Rosenrot,–ê—Ä–±–∏—Ç—Ä–∞–∂–Ω—ã–π —á–∞—Ç - DaddyAff,1385260727
6337,Benefit_RF,1370195134,1.1203456022546866e+18,–í—ã–≥–æ–¥–∞,–ê—Ä–±–∏—Ç—Ä–∞–∂–Ω—ã–π —á–∞—Ç - DaddyAff,1385260727
6338,RosaliaHR,1744160297,-4.745601113641965e+17,Rosalia,–ê—Ä–±–∏—Ç—Ä–∞–∂–Ω—ã–π —á–∞—Ç - DaddyAff,1385260727
6339,RomanFedorov,234978861,6.342023510597938e+16,Roman Fedorov,–ê—Ä–±–∏—Ç—Ä–∞–∂–Ω—ã–π —á–∞—Ç - DaddyAff,1385260727
6340,rom4ik87,486463789,-2.430643923797013e+18,Roman Logi FB –°–ö–£–ü–ê–Æ,–ê—Ä–±–∏—Ç—Ä–∞–∂–Ω—ã–π —á–∞—Ç - DaddyAff,1385260727
6341,raen81,180847288,3.8239001084470313e+18,Pavel L,–ê—Ä–±–∏—Ç—Ä–∞–∂–Ω—ã–π —á–∞—Ç - DaddyAff,1385260727
6342,rem_rb,271875135,3.624409853887535e+18,Rem,–ê—Ä–±–∏—Ç—Ä–∞–∂–Ω—ã–π —á–∞—Ç - DaddyAff,1385260727
6343,fire_bart,346528007,6.978325396851518e+18,RM,–ê—Ä–±–∏—Ç—Ä–∞–∂–Ω—ã–π —á–∞—Ç - DaddyAff,1385260727
6344,dark4rce,353132683,9.111703746720548e+18,Ruslan Aimasov,–ê—Ä–±–∏—Ç—Ä–∞–∂–Ω—ã–π —á–∞—Ç - DaddyAff,1385260727
6345,ri_dz,361693797,-8.82078263431465e+18,‚Ñù I ‚Ñï AüçÄ,–ê—Ä–±–∏—Ç—Ä–∞–∂–Ω—ã–π —á–∞—Ç - DaddyAff,1385260727
6346,revelm,374823863,4.3386310908658007e+18,Max SixNine,–ê—Ä–±–∏—Ç—Ä–∞–∂–Ω—ã–π —á–∞—Ç - DaddyAff,1385260727
6347,rvd38,407316585,-9.015946857012952e+18,petro,–ê—Ä–±–∏—Ç—Ä–∞–∂–Ω—ã–π —á–∞—Ç - DaddyAff,1385260727
6348,Razulita,480868010,1.4294895895042255e+18,‚ô•Ô∏è,–ê—Ä–±–∏—Ç—Ä–∞–∂–Ω—ã–π —á–∞—Ç - DaddyAff,1385260727
6349,rafss19,565873106,9.098639571358984e+18,Rafss19 üë®üèª‚Äçüíª,–ê—Ä–±–∏—Ç—Ä–∞–∂–Ω—ã–π —á–∞—Ç - DaddyAff,1385260727
6350,rediord,791894963,8.799772636521825e+18,ridis,–ê—Ä–±–∏—Ç—Ä–∞–∂–Ω—ã–π —á–∞—Ç - DaddyAff,1385260727
6351,Ronny2609,1129650938,8.570707376694112e+18,khari Arun,–ê—Ä–±–∏—Ç—Ä–∞–∂–Ω—ã–π —á–∞—Ç - DaddyAff,1385260727
6352,Radikteam,1268525250,2.345733382455361e+18,–†–∞–¥–∏–∫ –† SIEX,–ê—Ä–±–∏—Ç—Ä–∞–∂–Ω—ã–π —á–∞—Ç - DaddyAff,1385260727
6353,REPI777888,1676306058,6.244328853467763e+18,–í–ª–∞–¥,–ê—Ä–±–∏—Ç—Ä–∞–∂–Ω—ã–π —á–∞—Ç - DaddyAff,1385260727
6354,ropshop,1720468585,-2.215195805627897e+18,–†–û–ü shop,–ê—Ä–±–∏—Ç—Ä–∞–∂–Ω—ã–π —á–∞—Ç - DaddyAff,1385260727
6355,arlyndai,2027185544,-9.025821364059967e+18,Aryana Roseland,–ê—Ä–±–∏—Ç—Ä–∞–∂–Ω—ã–π —á–∞—Ç - DaddyAff,1385260727
6357,RuslanREEvizor,99279349,1.236882738506734e+18,Ruslan REEvizor,–ê—Ä–±–∏—Ç—Ä–∞–∂–Ω—ã–π —á–∞—Ç - DaddyAff,1385260727
6358,Roman0372,1053459230,4.376947233186662e+17,–†–æ–º–∞–Ω,–ê—Ä–±–∏—Ç—Ä–∞–∂–Ω—ã–π —á–∞—Ç - DaddyAff,1385260727
6359,StenRogers,1215486024,-8.461809746655632e+18,Sten Rogers,–ê—Ä–±–∏—Ç—Ä–∞–∂–Ω—ã–π —á–∞—Ç - DaddyAff,1385260727
6360,Greenbjoopt,1324258679,8.259002472569182e+18,Greenbjo . –ü—Ä–æ–¥–∞–∂–∞ revolut business,–ê—Ä–±–∏—Ç—Ä–∞–∂–Ω—ã–π —á–∞—Ç - DaddyAff,1385260727
6361,RICH_RACCOON88,1693240054,-5.690546878495764e+18,ALFIE SOLOMONS,–ê—Ä–±–∏—Ç—Ä–∞–∂–Ω—ã–π —á–∞—Ç - DaddyAff,1385260727
6362,Hruqghwy,805152686,4.666536758479147e+18,Reze,–ê—Ä–±–∏—Ç—Ä–∞–∂–Ω—ã–π —á–∞—Ç - DaddyAff,1385260727
6363,romichtg,1120680816,-2.956066426297748e+18,Romich,–ê—Ä–±–∏—Ç—Ä–∞–∂–Ω—ã–π —á–∞—Ç - DaddyAff,1385260727
6364,simpleleads,1900434267,7.792267533575805e+18,Aaron Ross,–ê—Ä–±–∏—Ç—Ä–∞–∂–Ω—ã–π —á–∞—Ç - DaddyAff,1385260727
6365,Max_Rembo,225709508,-7.096056331054305e+18,Max Rembolovich,–ê—Ä–±–∏—Ç—Ä–∞–∂–Ω—ã–π —á–∞—Ç - DaddyAff,1385260727
6366,Ragnar096,307137988,-2.539281440122717e+18,Roman Sarasola,–ê—Ä–±–∏—Ç—Ä–∞–∂–Ω—ã–π —á–∞—Ç - DaddyAff,1385260727
6367,RomanMoscwa,968111845,3.1871962934080195e+18,Roman Makarov,–ê—Ä–±–∏—Ç—Ä–∞–∂–Ω—ã–π —á–∞—Ç - DaddyAff,1385260727
6368,rinnur13,339626303,-2.1893571692532303e+18,Rinat,–ê—Ä–±–∏—Ç—Ä–∞–∂–Ω—ã–π —á–∞—Ç - DaddyAff,1385260727
6369,rn_gslngpur,1295781045,4.033160518073104e+18,Johann gslng,–ê—Ä–±–∏—Ç—Ä–∞–∂–Ω—ã–π —á–∞—Ç - DaddyAff,1385260727
6371,kuzmanilov,1018315286,-2.181011057223828e+18,Rustamus,–ê—Ä–±–∏—Ç—Ä–∞–∂–Ω—ã–π —á–∞—Ç - DaddyAff,1385260727
6372,Rfreepoly,1114493461,-2.2669547397422144e+18,–§–µ–ª–∏–∫—Å,–ê—Ä–±–∏—Ç—Ä–∞–∂–Ω—ã–π —á–∞—Ç - DaddyAff,1385260727
6373,ranotwo,1196596986,2.1788682249434985e+18,–î–µ–Ω–∏—Å,–ê—Ä–±–∏—Ç—Ä–∞–∂–Ω—ã–π —á–∞—Ç - DaddyAff,1385260727
6374,AffCrypto1,1222362956,6.177550629713245e+18,Roman AffManager,–ê—Ä–±–∏—Ç—Ä–∞–∂–Ω—ã–π —á–∞—Ç - DaddyAff,1385260727
6375,TorpooseSH2,1325368084,2.468414139106172e+18,Mintor RIGHTARM,–ê—Ä–±–∏—Ç—Ä–∞–∂–Ω—ã–π —á–∞—Ç - DaddyAff,1385260727
6376,bomariocabonicKE,1366614097,1.1513793129294477e+17,Roman,–ê—Ä–±–∏—Ç—Ä–∞–∂–Ω—ã–π —á–∞—Ç - DaddyAff,1385260727
6378,rootfor,678712301,8.117234479032052e+18,. .,–ê—Ä–±–∏—Ç—Ä–∞–∂–Ω—ã–π —á–∞—Ç - DaddyAff,1385260727
6379,gnatfensd,1576568764,-4.809419354243915e+18,Rose,–ê—Ä–±–∏—Ç—Ä–∞–∂–Ω—ã–π —á–∞—Ç - DaddyAff,1385260727
6381,Alejesus1lAF,1235209329,-2.4307083340918134e+18,Reza Pratama,–ê—Ä–±–∏—Ç—Ä–∞–∂–Ω—ã–π —á–∞—Ç - DaddyAff,1385260727
6382,RoamDigga,539297214,3.0631719533353247e+18,–†–µ–º –î–∏–≥–≥–∞,–ê—Ä–±–∏—Ç—Ä–∞–∂–Ω—ã–π —á–∞—Ç - DaddyAff,1385260727
6383,RealGamerPC,713880228,3.695786359887824e+18,RealGamerPC,–ê—Ä–±–∏—Ç—Ä–∞–∂–Ω—ã–π —á–∞—Ç - DaddyAff,1385260727
6384,sivovolov1,183647474,1.3172046532990372e+18,Alex Rrr,–ê—Ä–±–∏—Ç—Ä–∞–∂–Ω—ã–π —á–∞—Ç - DaddyAff,1385260727
6385,Roman_Abramcew,187931836,-2.715220338410378e+18,Roman,–ê—Ä–±–∏—Ç—Ä–∞–∂–Ω—ã–π —á–∞—Ç - DaddyAff,1385260727
6386,rustem3,200161167,5.906684640173453e+18,Ruslan,–ê—Ä–±–∏—Ç—Ä–∞–∂–Ω—ã–π —á–∞—Ç - DaddyAff,1385260727
6387,rublef86,497116456,-7.56041922856506e+18,–ö–∏—Ä–∏–ª,–ê—Ä–±–∏—Ç—Ä–∞–∂–Ω—ã–π —á–∞—Ç - DaddyAff,1385260727
6388,romanguana,499743440,-1.8055578023752212e+18,–†–ú,–ê—Ä–±–∏—Ç—Ä–∞–∂–Ω—ã–π —á–∞—Ç - DaddyAff,1385260727
6389,ros_doroshenko,502556942,-7.685756913205976e+18,–†–æ—Å—Ç–∏—Å–ª–∞–≤,–ê—Ä–±–∏—Ç—Ä–∞–∂–Ω—ã–π —á–∞—Ç - DaddyAff,1385260727
6390,gaibov_rd,682676240,-4.4577691390543165e+18,–ì–∞–∏–±–æ–≤ –†–∞–º–∏—Åüá∫üá¶,–ê—Ä–±–∏—Ç—Ä–∞–∂–Ω—ã–π —á–∞—Ç - DaddyAff,1385260727
6391,King_Lion999,684318691,3.821328401428188e+18,–õ–µ–≤ –ê–¥–º–∏–Ω—ã—á [Rocket Community],–ê—Ä–±–∏—Ç—Ä–∞–∂–Ω—ã–π —á–∞—Ç - DaddyAff,1385260727
6392,roflail,721089687,-5.737402993939259e+18,Roflail,–ê—Ä–±–∏—Ç—Ä–∞–∂–Ω—ã–π —á–∞—Ç - DaddyAff,1385260727
6393,realuzzzi,731532329,-5.191020540600684e+18,Makarrrr üêØ,–ê—Ä–±–∏—Ç—Ä–∞–∂–Ω—ã–π —á–∞—Ç - DaddyAff,1385260727
6394,rayred99,1288224250,5.01827852784107e+18,RAY,–ê—Ä–±–∏—Ç—Ä–∞–∂–Ω—ã–π —á–∞—Ç - DaddyAff,1385260727
6395,cpa_anro,1486200980,8.892122572435797e+18,aCPA rOMAn,–ê—Ä–±–∏—Ç—Ä–∞–∂–Ω—ã–π —á–∞—Ç - DaddyAff,1385260727
6396,ninurtta,1759793716,-4.03425718867016e+17,Rimbon,–ê—Ä–±–∏—Ç—Ä–∞–∂–Ω—ã–π —á–∞—Ç - DaddyAff,1385260727
6397,DartRain,76835895,-8.383700917781538e+18,Dart Rain,–ê—Ä–±–∏—Ç—Ä–∞–∂–Ω—ã–π —á–∞—Ç - DaddyAff,1385260727
6398,rayanGB,511167608,8.92209898589556e+18,–†–∞—è–Ω –ì–∞–±–¥—Ä–∞—Ö–º–∞–Ω–æ–≤,–ê—Ä–±–∏—Ç—Ä–∞–∂–Ω—ã–π —á–∞—Ç - DaddyAff,1385260727
6399,Alisha_ross,885141942,5.818359313156372e+18,Alina,–ê—Ä–±–∏—Ç—Ä–∞–∂–Ω—ã–π —á–∞—Ç - DaddyAff,1385260727
6400,Ekaterina_mazhitovab,1162993514,-8.082455793411021e+18,Roman,–ê—Ä–±–∏—Ç—Ä–∞–∂–Ω—ã–π —á–∞—Ç - DaddyAff,1385260727
6401,Rostislav_1w,1538053936,-6.818078054049571e+18,Rostislav,–ê—Ä–±–∏—Ç—Ä–∞–∂–Ω—ã–π —á–∞—Ç - DaddyAff,1385260727
6402,mrgreen_ru,607194943,-1.9054884756154327e+18,Human,–ê—Ä–±–∏—Ç—Ä–∞–∂–Ω—ã–π —á–∞—Ç - DaddyAff,1385260727
6403,l_Romaha19_l,406887677,-5.719205902541442e+18,Romaha,–ê—Ä–±–∏—Ç—Ä–∞–∂–Ω—ã–π —á–∞—Ç - DaddyAff,1385260727
6404,leader50,741058170,-7.388377852879949e+18,A R,–ê—Ä–±–∏—Ç—Ä–∞–∂–Ω—ã–π —á–∞—Ç - DaddyAff,1385260727
6406,Barnaul999,159462854,7.294941383759934e+18,R,–ê—Ä–±–∏—Ç—Ä–∞–∂–Ω—ã–π —á–∞—Ç - DaddyAff,1385260727
6407,romos2000,438262409,-3.7251585649166817e+18,–†–æ–º–∞–Ω,–ê—Ä–±–∏—Ç—Ä–∞–∂–Ω—ã–π —á–∞—Ç - DaddyAff,1385260727
6408,Vovka_1996,746787689,2.1180853994061765e+18,–í–í–í.RU,–ê—Ä–±–∏—Ç—Ä–∞–∂–Ω—ã–π —á–∞—Ç - DaddyAff,1385260727
6409,rishavraina,834977983,8.829970246580405e+18,CG‰πàRishi,–ê—Ä–±–∏—Ç—Ä–∞–∂–Ω—ã–π —á–∞—Ç - DaddyAff,1385260727
6410,shama616,1026799609,-2.3015661431741524e+18,Reddygo,–ê—Ä–±–∏—Ç—Ä–∞–∂–Ω—ã–π —á–∞—Ç - DaddyAff,1385260727
6411,anna_recrut,1944740665,-7.784197542381821e+18,Anna Bragina,–ê—Ä–±–∏—Ç—Ä–∞–∂–Ω—ã–π —á–∞—Ç - DaddyAff,1385260727
6412,Risinets,305702226,-3.733097030915278e+18,Risinets,–ê—Ä–±–∏—Ç—Ä–∞–∂–Ω—ã–π —á–∞—Ç - DaddyAff,1385260727
6413,Alexandr_Rumov,321383789,-6.730959062415275e+18,Alexandr Rumov,–ê—Ä–±–∏—Ç—Ä–∞–∂–Ω—ã–π —á–∞—Ç - DaddyAff,1385260727
6414,Virid_Ravens,1325047201,5.821415206123233e+18,–ú–∏—Ä–æ–Ω –°—Ç–µ–ø–∞–Ω–æ–≤,–ê—Ä–±–∏—Ç—Ä–∞–∂–Ω—ã–π —á–∞—Ç - DaddyAff,1385260727
6415,Romulus992233,1661035899,8.829004349011724e+18,Romulus,–ê—Ä–±–∏—Ç—Ä–∞–∂–Ω—ã–π —á–∞—Ç - DaddyAff,1385260727
6416,rover235,386849787,-9.350028040243535e+17,Oleg Top,–ê—Ä–±–∏—Ç—Ä–∞–∂–Ω—ã–π —á–∞—Ç - DaddyAff,1385260727
6417,Rama_gaf,821719887,-5.549985774518183e+18,üòé,–ê—Ä–±–∏—Ç—Ä–∞–∂–Ω—ã–π —á–∞—Ç - DaddyAff,1385260727
6418,red_shop_der,967056971,-6.877842569235744e+18,RED SHOP,–ê—Ä–±–∏—Ç—Ä–∞–∂–Ω—ã–π —á–∞—Ç - DaddyAff,1385260727
6419,ReaLa4x,1190956499,-8.019024656405336e+18,Sungkyu ReaLa4x,–ê—Ä–±–∏—Ç—Ä–∞–∂–Ω—ã–π —á–∞—Ç - DaddyAff,1385260727
6420,richbitch1703,573303834,-3.452511271194538e+17,–î–º–∏—Ç—Ä–∏–π,–ê—Ä–±–∏—Ç—Ä–∞–∂–Ω—ã–π —á–∞—Ç - DaddyAff,1385260727
6421,richlion77,390564240,-8.903317369077947e+18,–õ–µ–≤–ú–°–ö,–ê—Ä–±–∏—Ç—Ä–∞–∂–Ω—ã–π —á–∞—Ç - DaddyAff,1385260727
6422,rjbelka,553015990,7.245317384726178e+18,MC,–ê—Ä–±–∏—Ç—Ä–∞–∂–Ω—ã–π —á–∞—Ç - DaddyAff,1385260727
6423,re_Al_im,601464329,-8.52999872409629e+18,–ê–ª–∏–º–∂–∞–Ω –ê–±–¥—É—Ä–∞—Ö–º–∞–Ω–æ–≤,–ê—Ä–±–∏—Ç—Ä–∞–∂–Ω—ã–π —á–∞—Ç - DaddyAff,1385260727
6424,PROtrade_RUS,1831608636,-8.86034824440653e+18,–†—É—Å–ª–∞–Ω –¢—Ä–µ–π–¥–µ—Ä,–ê—Ä–±–∏—Ç—Ä–∞–∂–Ω—ã–π —á–∞—Ç - DaddyAff,1385260727
6425,RBV75VOID,1111994170,4.997263556266145e+18,VOID,–ê—Ä–±–∏—Ç—Ä–∞–∂–Ω—ã–π —á–∞—Ç - DaddyAff,1385260727
6426,retailerverified,2104136364,7.568527299640951e+18,üßë‚Äçüíªretailer@verified,–ê—Ä–±–∏—Ç—Ä–∞–∂–Ω—ã–π —á–∞—Ç - DaddyAff,1385260727
6427,renneto,5141468800,-7.680389677562024e+18,Reno,–ê—Ä–±–∏—Ç—Ä–∞–∂–Ω—ã–π —á–∞—Ç - DaddyAff,1385260727
6428,managerwh,461263622,2.143532292453104e+18,reklama.ty,–ê—Ä–±–∏—Ç—Ä–∞–∂–Ω—ã–π —á–∞—Ç - DaddyAff,1385260727
6429,Rek_Adm27,956590138,-4.194229515404468e+18,–ê–Ω–¥—Ä–µ–π,–ê—Ä–±–∏—Ç—Ä–∞–∂–Ω—ã–π —á–∞—Ç - DaddyAff,1385260727
6430,Raypudgers,1170195709,7.434756893430323e+18,–≠–¥–∏–∫ –ö—Ä–∞–π–Ω–∏–π,–ê—Ä–±–∏—Ç—Ä–∞–∂–Ω—ã–π —á–∞—Ç - DaddyAff,1385260727
6431,PR_MANAGER55,1177946419,5.750390961724765e+18,Pr Manager RuNi,–ê—Ä–±–∏—Ç—Ä–∞–∂–Ω—ã–π —á–∞—Ç - DaddyAff,1385260727
6432,real_jakhongir_karimove,1249007149,3.624542643328768e+18,Jakhongir Karimov,–ê—Ä–±–∏—Ç—Ä–∞–∂–Ω—ã–π —á–∞—Ç - DaddyAff,1385260727
6433,m7ashina,2117649113,-4.2196479355628073e+18,R7,–ê—Ä–±–∏—Ç—Ä–∞–∂–Ω—ã–π —á–∞—Ç - DaddyAff,1385260727
6434,jesusmygod777,1971592800,7.947015649713752e+18,Rubben,–ê—Ä–±–∏—Ç—Ä–∞–∂–Ω—ã–π —á–∞—Ç - DaddyAff,1385260727
6435,rroix,2035346729,-3.477702879348969e+18,Nadin,–ê—Ä–±–∏—Ç—Ä–∞–∂–Ω—ã–π —á–∞—Ç - DaddyAff,1385260727
6436,PutinaSofya,5355965943,-3.5081064921671977e+18,–°–æ—Ñ—å—è –ü—É—Ç–∏–Ω–∞,–ê—Ä–±–∏—Ç—Ä–∞–∂–Ω—ã–π —á–∞—Ç - DaddyAff,1385260727
6437,pedrro1337,1983561526,-7.115595200145525e+18,–ü—ë—Ç—Ä,–ê—Ä–±–∏—Ç—Ä–∞–∂–Ω—ã–π —á–∞—Ç - DaddyAff,1385260727
6438,professional111777,5381720215,4.029357241481032e+18,–ü—Ä–æ—Ñ–µ—Å—Å–∏–æ–Ω–∞–ª,–ê—Ä–±–∏—Ç—Ä–∞–∂–Ω—ã–π —á–∞—Ç - DaddyAff,1385260727
6439,pseudonymmm,482440401,-9.0533786508e+18,A G,–ê—Ä–±–∏—Ç—Ä–∞–∂–Ω—ã–π —á–∞—Ç - DaddyAff,1385260727
6440,Dogerant,1193556330,3.786668415199929e+18,Prot0n,–ê—Ä–±–∏—Ç—Ä–∞–∂–Ω—ã–π —á–∞—Ç - DaddyAff,1385260727
6441,antoniopapuchi,1998682784,4.413716446253224e+17,Antonio Papuchi,–ê—Ä–±–∏—Ç—Ä–∞–∂–Ω—ã–π —á–∞—Ç - DaddyAff,1385260727
6442,P2P_MARK_P2P,5439053855,1.4333705167577715e+18,–ú–∞—Ä–∫,–ê—Ä–±–∏—Ç—Ä–∞–∂–Ω—ã–π —á–∞—Ç - DaddyAff,1385260727
6443,paystream,900029254,-4.806024974138545e+18,paystream,–ê—Ä–±–∏—Ç—Ä–∞–∂–Ω—ã–π —á–∞—Ç - DaddyAff,1385260727
6444,poseidonal,2074182142,4.468898092357605e+18,–ø–æ—Å–µ–π–¥–æ–Ω,–ê—Ä–±–∏—Ç—Ä–∞–∂–Ω—ã–π —á–∞—Ç - DaddyAff,1385260727
6445,maxxxxb1,5545128695,-2.5086625952013527e+18,–ú–∞–∫—Å | p2p binance,–ê—Ä–±–∏—Ç—Ä–∞–∂–Ω—ã–π —á–∞—Ç - DaddyAff,1385260727
6446,dant9s,432283716,-3.204073408848029e+18,Pim 57,–ê—Ä–±–∏—Ç—Ä–∞–∂–Ω—ã–π —á–∞—Ç - DaddyAff,1385260727
6447,prokopivan1,2020258400,8.770401960944184e+18,–°–ª–∞–≤–∞,–ê—Ä–±–∏—Ç—Ä–∞–∂–Ω—ã–π —á–∞—Ç - DaddyAff,1385260727
6448,pridvornyy_shut,5007689443,-8.199592203377704e+18,–ü—Ä–∏–¥–≤–æ—Ä–Ω—ã–π —à—É—Ç,–ê—Ä–±–∏—Ç—Ä–∞–∂–Ω—ã–π —á–∞—Ç - DaddyAff,1385260727
6449,Prosto883,5261323804,7.845258410347642e+18,–û–ª–µ–≥ –ö–∞—Ä–ø—é–∫,–ê—Ä–±–∏—Ç—Ä–∞–∂–Ω—ã–π —á–∞—Ç - DaddyAff,1385260727
6450,p2pexpertt,5281130840,-4.3316674074034464e+17,–î–º–∏—Ç—Ä–∏–π –°–æ–∫–æ–ª–æ–≤,–ê—Ä–±–∏—Ç—Ä–∞–∂–Ω—ã–π —á–∞—Ç - DaddyAff,1385260727
6451,PR0GL0T,132993316,-4.1076801824996326e+18,–ò–ª—å—è –®–µ–≤—á–µ–Ω–∫–æ,–ê—Ä–±–∏—Ç—Ä–∞–∂–Ω—ã–π —á–∞—Ç - DaddyAff,1385260727
6452,professortr,1999475829,-7.137533162877606e+18,ùôøùöÅùôæùôµùô¥ùöÇùöÇùôæùöÅ,–ê—Ä–±–∏—Ç—Ä–∞–∂–Ω—ã–π —á–∞—Ç - DaddyAff,1385260727
6453,Pavel334u,1465239735,-2.509370752549002e+18,–ü–∞–≤–µ–ª –ü–∞–≤–µ–ª,–ê—Ä–±–∏—Ç—Ä–∞–∂–Ω—ã–π —á–∞—Ç - DaddyAff,1385260727
6455,Angel_PinUp1,5118151356,-2.5412568504430832e+17,Angelina ‚ú®,–ê—Ä–±–∏—Ç—Ä–∞–∂–Ω—ã–π —á–∞—Ç - DaddyAff,1385260727
6456,pavellck,61088832,-6.770640481569069e+18,Pavel,–ê—Ä–±–∏—Ç—Ä–∞–∂–Ω—ã–π —á–∞—Ç - DaddyAff,1385260727
6457,Python_Go,940098046,4.445218267931428e+18,PY,–ê—Ä–±–∏—Ç—Ä–∞–∂–Ω—ã–π —á–∞—Ç - DaddyAff,1385260727
6458,pzzvonobot,483993677,-7.853329308751465e+18,–ü–∞–≤–µ–ª –ó–æ—Ç–∏–Ω,–ê—Ä–±–∏—Ç—Ä–∞–∂–Ω—ã–π —á–∞—Ç - DaddyAff,1385260727
6459,day101,390914846,-5.84413406937885e+18,Pavel,–ê—Ä–±–∏—Ç—Ä–∞–∂–Ω—ã–π —á–∞—Ç - DaddyAff,1385260727
6460,PaulaPerile,1019193381,-7.97174947722976e+18,Daniil,–ê—Ä–±–∏—Ç—Ä–∞–∂–Ω—ã–π —á–∞—Ç - DaddyAff,1385260727
6461,pepesquew,1193240928,-2.928978450040545e+18,–ø–∞—à–∞ –ø–µ—Ç—Ä–æ–≤,–ê—Ä–±–∏—Ç—Ä–∞–∂–Ω—ã–π —á–∞—Ç - DaddyAff,1385260727
6462,pashagypsym,1134302452,8.108570527826679e+18,Paul Gypsy,–ê—Ä–±–∏—Ç—Ä–∞–∂–Ω—ã–π —á–∞—Ç - DaddyAff,1385260727
6463,lchetovkin,789158065,-4.028110979777208e+18,Pavvel,–ê—Ä–±–∏—Ç—Ä–∞–∂–Ω—ã–π —á–∞—Ç - DaddyAff,1385260727
6464,dzjgipre,2104562495,4.294310601987021e+16,Boy Papa,–ê—Ä–±–∏—Ç—Ä–∞–∂–Ω—ã–π —á–∞—Ç - DaddyAff,1385260727
6465,pavel_msk,132868460,3.336301450890856e+18,Pavel Fedotov,–ê—Ä–±–∏—Ç—Ä–∞–∂–Ω—ã–π —á–∞—Ç - DaddyAff,1385260727
6466,plehanov51,1381924516,-4.07357811550209e+16,–î–º–∏—Ç—Ä–∏–π –ü–ª–µ—Ö–∞–Ω–æ–≤,–ê—Ä–±–∏—Ç—Ä–∞–∂–Ω—ã–π —á–∞—Ç - DaddyAff,1385260727
6467,pakobislk,752951622,9.206361441970818e+18,pako bis,–ê—Ä–±–∏—Ç—Ä–∞–∂–Ω—ã–π —á–∞—Ç - DaddyAff,1385260727
6468,mrpavali,809314281,7.875740066586149e+18,Pav Ali,–ê—Ä–±–∏—Ç—Ä–∞–∂–Ω—ã–π —á–∞—Ç - DaddyAff,1385260727
6469,pilot_pilot07,849988026,2.1855681703574912e+18,üá©üá™,–ê—Ä–±–∏—Ç—Ä–∞–∂–Ω—ã–π —á–∞—Ç - DaddyAff,1385260727
6470,artyom_prime777,1560871725,1.6543592227732708e+18,Goldman,–ê—Ä–±–∏—Ç—Ä–∞–∂–Ω—ã–π —á–∞—Ç - DaddyAff,1385260727
6471,Pas9epartouto,1719347673,6.195957446377123e+18,–ú–∞—Ä—É—Å—è –°–∞–º–æ—Ö–∏–Ω–∞,–ê—Ä–±–∏—Ç—Ä–∞–∂–Ω—ã–π —á–∞—Ç - DaddyAff,1385260727
6472,Sergi_PER7wg,1110675211,2.31706167201482e+18,Sergi,–ê—Ä–±–∏—Ç—Ä–∞–∂–Ω—ã–π —á–∞—Ç - DaddyAff,1385260727
6473,pwagroup_ceo,1829539130,-8.7969237715404e+18,CEO [Pwa Group],–ê—Ä–±–∏—Ç—Ä–∞–∂–Ω—ã–π —á–∞—Ç - DaddyAff,1385260727
6474,Plectridium_Deperition,5062358033,6.721504467137824e+18,Max French,–ê—Ä–±–∏—Ç—Ä–∞–∂–Ω—ã–π —á–∞—Ç - DaddyAff,1385260727
6475,PRODUMANIY,392077393,8.750890701919613e+18,KAI,–ê—Ä–±–∏—Ç—Ä–∞–∂–Ω—ã–π —á–∞—Ç - DaddyAff,1385260727
6476,Pavel_P_01,419333865,-8.578491885033438e+18,–•–æ—Ä–æ—à–∏–π –ß–µ–ª–æ–≤–µ–∫,–ê—Ä–±–∏—Ç—Ä–∞–∂–Ω—ã–π —á–∞—Ç - DaddyAff,1385260727
6477,peoplu,744208185,-1.9207855611675904e+18,ùôΩùöäùöéùöïùöí ùôΩùöûùöîùöí,–ê—Ä–±–∏—Ç—Ä–∞–∂–Ω—ã–π —á–∞—Ç - DaddyAff,1385260727
6478,Papa_Grishaw,1399747808,-7.208071407910136e+18,Gregory Lytko,–ê—Ä–±–∏—Ç—Ä–∞–∂–Ω—ã–π —á–∞—Ç - DaddyAff,1385260727
6479,Mark3301,1618712590,-9.152297092726824e+18,Mark 3301 Cicada- Secret Power Agent,–ê—Ä–±–∏—Ç—Ä–∞–∂–Ω—ã–π —á–∞—Ç - DaddyAff,1385260727
6481,papinazayka,5050964624,4.935395008219696e+18,–Ω–∞—Å—Ç—ë–Ωa,–ê—Ä–±–∏—Ç—Ä–∞–∂–Ω—ã–π —á–∞—Ç - DaddyAff,1385260727
6482,pinkie_cry,5248616342,2.620337462060196e+18,–°–æ–Ω—è –ù–∏–∫—É–ª–∏–Ω–∞,–ê—Ä–±–∏—Ç—Ä–∞–∂–Ω—ã–π —á–∞—Ç - DaddyAff,1385260727
6484,san_pop,2105821402,-2.7013095469297423e+18,Alexander Popov,–ê—Ä–±–∏—Ç—Ä–∞–∂–Ω—ã–π —á–∞—Ç - DaddyAff,1385260727
6485,PavelBiltypeFX,2118975194,4.63473476501053e+18,Pavel,–ê—Ä–±–∏—Ç—Ä–∞–∂–Ω—ã–π —á–∞—Ç - DaddyAff,1385260727
6487,papatut_11,1274711993,7.774385778927895e+18,Belov A.,–ê—Ä–±–∏—Ç—Ä–∞–∂–Ω—ã–π —á–∞—Ç - DaddyAff,1385260727
6488,prostovse,188911298,-5.775664794035639e+17,–ö–û–ú–ü 696,–ê—Ä–±–∏—Ç—Ä–∞–∂–Ω—ã–π —á–∞—Ç - DaddyAff,1385260727
6489,Proffit34,199459453,2.6813112026727245e+18,slava,–ê—Ä–±–∏—Ç—Ä–∞–∂–Ω—ã–π —á–∞—Ç - DaddyAff,1385260727
6490,Perec026,509707940,6.457636674500073e+18,–ñ–∏–≤–µ–µ –í—Å–µ—Ö –ñ–∏–≤—ã—Ö,–ê—Ä–±–∏—Ç—Ä–∞–∂–Ω—ã–π —á–∞—Ç - DaddyAff,1385260727
6491,Seo_pirat,185145143,5.649005466355608e+18,–†–æ–º–∞–Ω –¶–∞–±—Ä–æ–≤,–ê—Ä–±–∏—Ç—Ä–∞–∂–Ω—ã–π —á–∞—Ç - DaddyAff,1385260727
6492,platonprod,1799092192,-1.0851245380594492e+18,–ü–ª–∞—Ç–æ–Ω,–ê—Ä–±–∏—Ç—Ä–∞–∂–Ω—ã–π —á–∞—Ç - DaddyAff,1385260727
6493,PROCURAT0R,958257094,2.053855075062702e+18,–í–ª–∞–¥–∏—Å–ª–∞–≤,–ê—Ä–±–∏—Ç—Ä–∞–∂–Ω—ã–π —á–∞—Ç - DaddyAff,1385260727
6494,Punproof2049,2116358474,-4.308305049517472e+18,Gwyneth Dudley,–ê—Ä–±–∏—Ç—Ä–∞–∂–Ω—ã–π —á–∞—Ç - DaddyAff,1385260727
6495,Nikolaich_p,437520365,-4.661247614402638e+17,Nikolaich,–ê—Ä–±–∏—Ç—Ä–∞–∂–Ω—ã–π —á–∞—Ç - DaddyAff,1385260727
6496,angry_kenny,456920065,-2.67095672395266e+18,Max Paschenko,–ê—Ä–±–∏—Ç—Ä–∞–∂–Ω—ã–π —á–∞—Ç - DaddyAff,1385260727
6497,Serhii_PaPashe,487733372,-3.387370424594848e+18,Serhii PapaShe,–ê—Ä–±–∏—Ç—Ä–∞–∂–Ω—ã–π —á–∞—Ç - DaddyAff,1385260727
6498,pannumber1,493263984,-7.332609711671737e+18,‚Ç¨‚Ç¨‚Ç¨,–ê—Ä–±–∏—Ç—Ä–∞–∂–Ω—ã–π —á–∞—Ç - DaddyAff,1385260727
6499,pyanyi_belka,540984953,-8.928301294812755e+18,pyanyi belka,–ê—Ä–±–∏—Ç—Ä–∞–∂–Ω—ã–π —á–∞—Ç - DaddyAff,1385260727
6500,money_back01,549404169,4.433342883541864e+18,Pavel,–ê—Ä–±–∏—Ç—Ä–∞–∂–Ω—ã–π —á–∞—Ç - DaddyAff,1385260727
6501,purple773,689212926,8.471519179842458e+18,Purple Purple,–ê—Ä–±–∏—Ç—Ä–∞–∂–Ω—ã–π —á–∞—Ç - DaddyAff,1385260727
6502,Provocateur98,727385389,-4.740950305175448e+18,–ê–ª–µ–∫—Å–∞–Ω–¥—Ä–∞ –ê–ª–µ–∫—Å–∞–Ω–¥—Ä–∞,–ê—Ä–±–∏—Ç—Ä–∞–∂–Ω—ã–π —á–∞—Ç - DaddyAff,1385260727
6503,danil_p1768,730303825,2.8558007650742688e+17,d7,–ê—Ä–±–∏—Ç—Ä–∞–∂–Ω—ã–π —á–∞—Ç - DaddyAff,1385260727
6504,Serhyj_Pekarskyj,786076635,3.3550897856093204e+18,Serhyj Pekarskyj,–ê—Ä–±–∏—Ç—Ä–∞–∂–Ω—ã–π —á–∞—Ç - DaddyAff,1385260727
6505,nplyasunova,1572090565,2.523939021764688e+18,Nata Plyasunova,–ê—Ä–±–∏—Ç—Ä–∞–∂–Ω—ã–π —á–∞—Ç - DaddyAff,1385260727
6506,beast1010,466423944,6.071177193772092e+18,Pavel,–ê—Ä–±–∏—Ç—Ä–∞–∂–Ω—ã–π —á–∞—Ç - DaddyAff,1385260727
6507,clickainesupport,467123488,-9.21894441021296e+18,Clickaine Programmatic,–ê—Ä–±–∏—Ç—Ä–∞–∂–Ω—ã–π —á–∞—Ç - DaddyAff,1385260727
6508,compmanist,948479437,-6.897522627815817e+18,üë®üèº‚Äçüíª√ß÷Ö ç÷Ñ çƒÖ’≤üë®üèº‚Äçüíª[LANDING PAGE],–ê—Ä–±–∏—Ç—Ä–∞–∂–Ω—ã–π —á–∞—Ç - DaddyAff,1385260727
6509,mad_max_for_life,310243443,-7.389953248528094e+18,Good Production,–ê—Ä–±–∏—Ç—Ä–∞–∂–Ω—ã–π —á–∞—Ç - DaddyAff,1385260727
